{"cameraMode":{"drawMode":0,"name":"Shaded","section":"Shading Mode"},"sceneLighting":true,"audioPlay":false,"sceneViewState":{"showFog":true,"showMaterialUpdate":true,"showSkybox":true,"showFlares":true,"showImageEffects":true,"showParticleSystems":true},"in2DMode":false,"pivot":{"x":2.7944653034210207,"y":52.70191192626953,"z":24.493419647216798},"rotation":{"x":-0.05261028930544853,"y":-0.5385426878929138,"z":0.03351065516471863,"w":-0.840477466583252},"size":0.5196154117584229,"orthographic":false}