{"cameraMode":{"drawMode":0,"name":"Shaded","section":"Shading Mode"},"sceneLighting":true,"audioPlay":false,"sceneViewState":{"showFog":true,"showMaterialUpdate":true,"showSkybox":true,"showFlares":true,"showImageEffects":true,"showParticleSystems":true},"in2DMode":false,"pivot":{"x":11.428353309631348,"y":42.32260513305664,"z":-24.71813201904297},"rotation":{"x":-0.18736393749713899,"y":-0.5789194703102112,"z":0.13815045356750489,"w":-0.781650185585022},"size":10.449999809265137,"orthographic":false}