{"cameraMode":{"drawMode":0,"name":"Shaded","section":"Shading Mode"},"sceneLighting":false,"audioPlay":false,"sceneViewState":{"showFog":true,"showMaterialUpdate":true,"showSkybox":false,"showFlares":true,"showImageEffects":true,"showParticleSystems":true},"in2DMode":false,"pivot":{"x":2.3022875785827638,"y":2.3404476642608644,"z":2.065213441848755},"rotation":{"x":-0.17551778256893159,"y":0.6886212825775147,"z":-0.17752569913864137,"w":-0.6808100938796997},"size":0.01759270578622818,"orthographic":false}